step,gleu,accuracy
0,0.5060839774048133,0.5072415478845854
100,0.5123021457217564,0.5268500952682661
200,0.5119014894104289,0.5226833989100557
300,0.5128033550950456,0.5212134744791256
400,0.512405946386846,0.524380182460285
500,0.5129458034489672,0.5264174782824119
600,0.5119611089986319,0.5277903021719902
700,0.5121701636009458,0.5278020770026669
800,0.5106697711043381,0.5297816201537351
900,0.511902822598911,0.5287954694200995
