step,gleu,accuracy,num_sentences
5,0.8066753696489746,0.2380952388048172,9
10,0.6391609686591471,0.7562437653541565,102
15,0.6467024224803298,0.7407695795939518,325
20,0.6377928664003889,0.6947892278150806,634
50,0.6253678474958321,0.6203247185307319,1287
227,0.6126166264634305,0.5876749666725718,1312
