step,gleu,accuracy,num_sentences
5,0.8066753696489746,0.2380952388048172,9
10,0.6442289845287867,0.7755510807037354,102
15,0.6507711133153049,0.7553482855283297,325
20,0.6366865306927822,0.7057056460846862,634
50,0.6261274804633719,0.6315067748321335,1287
227,0.6176373330921248,0.6129004897140875,1312
