step,gleu,accuracy,num_sentences
step,gleu,accuracy,num_sentences
5,0.5574748638385226,0.12883435189723969,6
10,0.6100023581224212,0.6749750253927969,137
15,0.5761950739892647,0.6354610891111436,403
20,0.5456862672357564,0.5980825256202925,738
50,0.510392012954437,0.5181553263877182,1366
89,0.5064718100609262,0.5058538903152485,1381
