step,gleu,accuracy,num_sentences
5,0.6254774007658601,0.14374999701976776,6
10,0.6296087654936942,0.7266559594304022,137
15,0.5849072405547251,0.664739191532135,403
20,0.5491066130696319,0.6180605224477567,738
50,0.5149253467818032,0.525896389435535,1366
89,0.5128822724495683,0.5194395108122829,1381
