step,gleu,accuracy,num_sentences
5,0.8423763520654747,0.2380952388048172,9
10,0.6334246773458204,0.7753259539604187,102
15,0.6500703360105359,0.7512697979120108,325
20,0.6365798306312892,0.7002945006457788,634
50,0.628093930481247,0.6301727315067966,1287
227,0.6194854987193725,0.6121108764555395,1312
